lat_x,lon_x,course,speed,timestamp,distance_from_shore,distance_from_port,mmsi,season,year,month,day,hour,speed_rolling_mean,course_rolling_mean,speed_rolling_mean_3h,course_rolling_mean_3h,speed_rolling_mean_12h,course_rolling_mean_12h,speed_rolling_mean_1d,course_rolling_mean_1d,speed_rolling_mean_3d,course_rolling_mean_3d,source_crowd_sourced,source_dalhousie_longliner,source_dalhousie_ps,source_dalhousie_trawl,source_false_positives,source_gfw,gear_type_drifting_longlines,gear_type_fixed_gear,gear_type_pole_and_line,gear_type_purse_seines,gear_type_trawlers,gear_type_trollers,hemisphere_ns_north,hemisphere_ns_south,hemisphere_ew_east,hemisphere_ew_west,adjust_time_date,pred,flag_registry,length_m_registry,tonnage_gt_registry,engine_power_kw_registry
8.2313,72.281333,0,0,1617670980,1654,1673.109375,16821130923,1,2021,4,6,1,1.993604044,71.29549902,0,0,0,0,0,0,0,0,0,0,0,0,0,0,0,0,0,0,2,0,1,0,0,1,"2021-04-06, 01:03:00",1,CAN,56,1874,450
7.26645,72.9581033,164.148728,8.3,1617696780,2603,2737.921143,16821130923,1,2021,4,6,8,1.993604044,71.29549902,5.141766216,164.148728,2.349530552,99.7621313,3.539326652,108.8879273,3.790066524,112.276274,0,0,0,0,0,0,0,0,0,0,2,0,1,0,0,1,"2021-04-06, 08:13:00",1,CAN,56,1874,450
7.24845,72.9588021,83.83561644,0.8,1617705240,2600,2736.589355,16821130923,1,2021,4,6,10,1.993604044,71.29549902,2.81867907,123.9921722,1.717327552,100.4757374,2.586977713,109.6668109,2.770249427,113.0793947,0,0,0,0,0,0,0,0,0,0,2,0,1,0,0,1,"2021-04-06, 10:34:00",1,CAN,56,1874,450
7.24333,72.9500168,69.04109589,5,1617706740,2600,2734.810303,16821130923,1,2021,4,6,10,1.993604044,71.29549902,2.911602556,105.6751468,1.995685589,96.33682207,3.00629553,105.149286,3.219273373,108.4212947,0,0,0,0,0,0,0,0,0,0,2,0,1,0,0,1,"2021-04-06, 10:59:00",1,CAN,56,1874,450
7.26619,72.9502165,39.45205479,9.3,1617707340,2603,2737.476318,16821130923,1,2021,4,6,11,1.993604044,71.29549902,3.624015947,89.11937378,2.64959108,86.6603235,3.991337044,94.58762441,4.274099117,97.53097797,0,0,0,0,0,0,0,0,0,0,2,0,1,0,0,1,"2021-04-06, 11:09:00",1,CAN,56,1874,450
7.2866,72.9637938,68.33659491,4.9,1617707940,2605,2737.922607,16821130923,1,2021,4,6,11,2.411068139,84.962818,3.097449528,65.16634051,2.670349985,86.06089439,4.022608203,93.93336218,4.307585648,96.85635658,0,0,0,0,0,0,0,0,0,0,2,0,1,0,0,1,"2021-04-06, 11:19:00",1,CAN,56,1874,450
8.27538,72.9701831,156.3992172,4,1617708540,2604,2737.032959,16821130923,1,2021,4,6,11,2.044722097,83.41291585,2.973551546,83.41291585,2.612386809,100.9242898,3.935292628,110.1563949,4.214084294,113.5842135,0,0,0,0,0,0,0,0,0,0,2,0,1,0,0,1,"2021-04-06, 11:29:00",1,CAN,56,1874,450
8.24833,72.9647921,180.3522505,4,1617711240,2600,2736.589355,16821130923,1,2021,4,6,12,2.31735171,102.7162427,2.890952893,99.5694716,2.568914428,115.7112274,3.869805948,126.2959758,4.143958278,130.2260217,0,0,0,0,0,0,0,0,0,0,2,0,1,0,0,1,"2021-04-06, 12:14:00",1,CAN,56,1874,450
8.24333,72.830117,195.851272,0,1617714660,2598,2738.826172,16821130923,1,2021,4,6,13,1.891367939,128.0782779,2.477959622,113.3240146,2.568914428,145.4686013,3.439827509,141.1337084,3.683518469,145.5254711,0,0,0,0,0,0,0,0,0,0,2,0,1,0,0,1,"2021-04-06, 13:11:00",1,CAN,56,1874,450
8.24534,72.839701,193.7377691,4.3,1617716040,2599,2740.159668,16821130923,1,2021,4,6,13,1.465384169,158.9354207,2.787704575,129.024322,2.553974308,155.4709801,3.46257017,152.7234963,3.70787231,157.4759071,0,0,0,0,0,0,0,0,0,0,2,0,1,0,0,1,"2021-04-06, 13:34:00",1,CAN,56,1874,450
8.26575,72.8389023,243.0528376,8,1617716640,2601,2742.379395,16821130923,1,2021,4,6,13,1.729494107,193.8786693,3.058731408,143.2778865,2.751498429,169.4671741,3.768045461,168.1538885,4.034988676,173.3864583,0,0,0,0,0,0,0,0,0,0,2,0,1,0,0,1,"2021-04-06, 13:44:00",1,CAN,56,1874,450
8.29711,72.8287193,212.0547945,8.6,1617717480,2604,2745.932129,16821130923,1,2021,4,6,13,2.121399175,205.0097847,3.310829384,150.9197652,2.943990089,177.4932965,4.065250693,177.5854608,4.3532491,183.1115199,0,0,0,0,0,0,0,0,0,0,2,0,1,0,0,1,"2021-04-06, 13:58:00",1,CAN,56,1874,450
8.30472,72.7889856,174.0117417,8.8,1617718320,2604,2747.719971,16821130923,1,2021,4,6,14,2.530343595,203.741683,3.298783747,177.9745597,3.113835671,180.3282588,4.329852809,181.6835869,4.636596675,187.3371704,0,0,0,0,0,0,0,0,0,0,2,0,1,0,0,1,"2021-04-06, 14:12:00",1,CAN,56,1874,450
8.2829,72.6672888,95.81213307,10.5,1617718920,2602,2745.053955,16821130923,1,2021,4,6,14,3.424909512,183.7338552,3.732426681,181.409002,3.331586417,175.4153553,4.660214954,177.7857452,4.990362979,183.3180366,0,0,0,0,0,0,0,0,0,0,2,0,1,0,0,1,"2021-04-06, 14:22:00",1,CAN,56,1874,450
8.23333,72.6865566,65.518591,7,1617720780,2598,2735.705566,16821130923,1,2021,4,6,14,3.654940748,158.0900196,3.964735395,170.0489237,3.376691929,168.5741471,4.747530529,171.7282561,5.083864334,177.0720522,0,0,0,0,0,0,0,0,0,0,2,0,1,0,0,1,"2021-04-06, 14:53:00",1,CAN,56,1874,450
8.26284,72.6668894,228.258317,13.3,1617721440,2601,2739.706543,16821130923,1,2021,4,6,15,4.106483544,155.1311155,4.439677656,176.5166341,3.653567187,175.8325404,5.159741264,179.9221116,5.525277704,185.520882,0,0,0,0,0,0,0,0,0,0,2,0,1,0,0,1,"2021-04-06, 15:04:00",1,CAN,56,1874,450
8.34123,72.6772721,203.6007828,7.4,1617723180,2609,2750.371094,16821130923,1,2021,4,6,15,4.004247439,153.4403131,4.673707176,179.0998043,3.68706451,180.3104186,5.227467571,185.2276835,5.597802011,190.9915513,0,0,0,0,0,0,0,0,0,0,2,0,1,0,0,1,"2021-04-06, 15:33:00",1,CAN,56,1874,450
7.36877,72.6806664,236.0078278,9.4,1617724140,2612,2752.586426,16821130923,1,2021,4,6,15,4.055365492,165.8395303,4.78865697,184.7906067,3.783227082,186.5786086,5.382429821,192.3323237,5.763742398,198.3172719,0,0,0,0,0,0,0,0,0,0,2,0,1,0,0,1,"2021-04-06, 15:49:00",1,CAN,56,1874,450
13.39299,72.6833619,8.454011742,10.9,1617724860,2614,2756.141846,16821130923,1,2021,4,6,16,4.089444193,148.3679061,4.967182697,168.7600071,3.915884253,176.7840152,5.588410503,182.7998816,5.984315565,188.4882017,0,0,0,0,0,0,0,0,0,0,2,0,1,0,0,1,"2021-04-06, 16:01:00",1,CAN,56,1874,450
3.39707,72.6597014,119.0606654,4.7,1617725760,2615,2755.693604,16821130923,1,2021,4,6,16,3.893491659,159.0763209,5.231873838,161.7790428,3.849833193,175.0963994,5.50940968,181.5577672,5.899718011,187.2074355,0,0,0,0,0,0,0,0,0,0,2,0,1,0,0,1,"2021-04-06, 16:16:00",1,CAN,56,1874,450
3.35167,72.5557749,112.7201566,0,1617728520,2610,2751.257813,16821130923,1,2021,4,6,17,2.760374831,135.9686888,4.955919244,138.1604697,3.657341533,173.1921979,5.247056838,180.0333807,5.618779058,185.6356135,0,0,0,0,0,0,0,0,0,0,2,0,1,0,0,1,"2021-04-06, 17:02:00",1,CAN,56,1874,450
13.34575,72.4243942,119.7651663,3.6,1617729480,2610,2750.812012,16821130923,1,2021,4,6,17,2.436627165,119.2015656,4.597991743,132.1330724,3.580237031,171.8771238,5.148111493,179.0724204,5.512824035,184.6447503,0,0,0,0,0,0,0,0,0,0,2,0,1,0,0,1,"2021-04-06, 17:18:00",1,CAN,56,1874,450
13.33934,72.4174059,200.7827789,11.1,1617730140,2609,2750.371094,16821130923,1,2021,4,6,17,2.581461647,112.1565558,4.63929107,143.7964775,3.703148372,175.1578583,5.335873286,182.8683235,5.713887615,188.5587733,0,0,0,0,0,0,0,0,0,0,2,0,1,0,0,1,"2021-04-06, 17:29:00",1,CAN,56,1874,450
13.38,72.281333,174.0117417,10,1617732300,2611,2761.514648,16821130923,1,2021,4,6,18,2.504784568,145.2681018,4.421609201,146.8003914,3.788294939,176.7385099,5.468899314,184.8680225,5.856337732,190.6206985,0,0,0,0,0,0,0,0,0,0,2,0,1,0,0,1,"2021-04-06, 18:05:00",1,CAN,56,1874,450
13.37595,72.2707507,238.8258317,10.2,1617732900,2610,2763.310059,16821130923,1,2021,4,6,18,2.973366716,169.221135,4.632407849,157.0254403,3.871063891,181.4700286,5.598106059,190.1472955,5.994697992,196.0642506,0,0,0,0,0,0,0,0,0,0,2,0,1,0,0,1,"2021-04-06, 18:15:00",1,CAN,56,1874,450
13.50078,71.38,12.68101761,11.8,1617735480,2623,2777.490967,16821130923,1,2021,4,6,18,3.978688413,149.2133072,4.824277639,123.2876712,3.983445051,174.8277831,5.769856886,183.4810105,6.178616326,189.1905258,0,0,0,0,0,0,0,0,0,0,2,0,1,0,0,1,"2021-04-06, 18:58:00",1,CAN,56,1874,450
13.53411,71.53411,228.258317,11.5,1617736200,2626,2780.139648,16821130923,1,2021,4,6,19,4.65174277,170.9119374,4.870739382,150.7632094,4.080648984,178.7747933,5.919409322,187.9013414,6.338763647,193.7484074,0,0,0,0,0,0,0,0,0,0,2,0,1,0,0,1,"2021-04-06, 19:10:00",1,CAN,56,1874,450
13.57061,71.57061,7.045009785,10.1,1617736980,2630,2785.013916,16821130923,1,2021,4,6,19,4.566546016,132.1643836,5.288895068,136.7612524,4.141296599,172.4706629,6.015636952,181.5243865,6.441808422,187.173016,0,0,0,0,0,0,0,0,0,0,2,0,1,0,0,1,"2021-04-06, 19:23:00",1,CAN,56,1874,450
13.59543,71.59543,215.5772994,10.1,1617737640,2634,2787.217529,16821130923,1,2021,4,6,19,4.575065691,140.4774951,5.396445399,145.518591,4.197612242,175.6694304,6.105228192,185.1272027,6.53774666,190.8879438,0,0,0,0,0,0,0,0,0,0,2,0,1,0,0,1,"2021-04-06, 19:34:00",1,CAN,56,1874,450
13.62167,71.62167,4.931506849,10,1617738240,2636,2788.985352,16821130923,1,2021,4,6,19,4.558026341,93.69863014,5.476290765,131.4598826,4.248091799,169.8185636,6.186003851,179.1743834,6.624244784,184.7498861,0,0,0,0,0,0,0,0,0,0,2,0,1,0,0,1,"2021-04-06, 19:44:00",1,CAN,56,1874,450
13.65198,71.65198,237.4168297,10.2,1617738900,2639,2791.638184,16821130923,1,2021,4,6,19,4.421711534,138.6457926,5.552882244,141.0923323,4.298980399,173.7773549,6.267070434,183.5552268,6.711054444,189.2670515,0,0,0,0,0,0,0,0,0,0,2,0,1,0,0,1,"2021-04-06, 19:55:00",1,CAN,56,1874,450
13.65833,71.65833,195.146771,9,1617739500,2640,2794.304199,16821130923,1,2021,4,6,20,4.208719649,132.0234834,6.059737621,148.5856609,4.324670304,175.8233326,6.311088488,185.9097793,6.758190911,191.6948724,0,0,0,0,0,0,0,0,0,0,2,0,1,0,0,1,"2021-04-06, 20:05:00",1,CAN,56,1874,450
13.67451,71.67451,251.5068493,10.2,1617739800,2641,2796.079346,16821130923,1,2021,4,6,20,4.217239324,180.9158513,6.081325906,157.1624266,4.369985288,179.882255,6.383451501,190.3874749,6.835680405,196.3119038,0,0,0,0,0,0,0,0,0,0,2,0,1,0,0,1,"2021-04-06, 20:10:00",1,CAN,56,1874,450
13.68056,71.68056,3.522504892,10.3,1617740100,2642,2796.962891,16821130923,1,2021,4,6,20,4.234278675,138.5048924,6.104358223,145.3439711,4.405369784,173.7809229,6.454066248,184.9252934,6.91129778,190.6797515,0,0,0,0,0,0,0,0,0,0,2,0,1,0,0,1,"2021-04-06, 20:15:00",1,CAN,56,1874,450
13.72461,71.72461,225.4403131,10.3,1617741060,2646,2800.943604,16821130923,1,2021,4,6,20,4.259837702,182.6066536,6.385908441,149.5303327,4.44858176,176.8186143,6.520645866,188.1871793,6.982594161,194.0431399,0,0,0,0,0,0,0,0,0,0,2,0,1,0,0,1,"2021-04-06, 20:31:00",1,CAN,56,1874,450
13.73,71.73,122.5831703,4,1617742020,2647,2801.827881,16821130923,1,2021,4,6,20,3.731617827,159.6399217,6.085296995,147.457474,4.384347231,176.0004478,6.434277902,187.4772825,6.89010755,193.3111528,0,0,0,0,0,0,0,0,0,0,2,0,1,0,0,1,"2021-04-06, 20:47:00",1,CAN,56,1874,450
13.66011,71.66011,98.63013699,0.8,1617747060,2640,2794.75,16821130923,1,2021,4,6,22,3.033004443,140.3365949,5.265664197,136.1800391,4.272020783,174.3971728,6.278818495,185.9468815,6.723634785,191.7331291,0,0,0,0,0,0,0,0,0,0,2,0,1,0,0,1,"2021-04-06, 22:11:00",1,CAN,56,1874,450
13.65257,71.65257,116.2426614,3.8,1617748080,2638,2793.866455,16821130923,1,2021,4,6,22,2.487745218,113.2837573,4.875385556,147.0998043,4.213114021,173.4776403,6.19887141,185.1119361,6.638023932,190.8722021,0,0,0,0,0,0,0,0,0,0,2,0,1,0,0,1,"2021-04-06, 22:28:00",1,CAN,56,1874,450
13.65023,71.65023,226.1448141,9.3,1617748680,2638,2793.866455,16821130923,1,2021,4,6,22,2.402548464,157.8082192,4.825826364,148.1565558,4.346788785,178.282588,6.243297863,188.0584496,6.685597731,193.9104044,0,0,0,0,0,0,0,0,0,0,2,0,1,0,0,1,"2021-04-06, 22:38:00",1,CAN,56,1874,450
13.7787,71.7787,89.47162427,0.5,1617758220,2651,2811.588135,16821130923,1,2021,4,7,1,1.567620274,130.6144814,2.808354238,143.9530332,4.560262563,182.729198,6.254231834,191.102087,6.52987365,192.1225342,0,0,0,0,0,0,0,0,0,0,2,0,1,0,0,1,"2021-04-07, 01:17:00",1,CAN,56,1874,450
13.77468,71.77468,97.92563601,3.6,1617759360,2650,2810.259766,16821130923,1,2021,4,7,1,1.533541573,125.6829746,2.767054912,137.8473581,4.547478487,178.9724072,6.17463252,189.5724794,6.450797916,190.7039488,0,0,0,0,0,0,0,0,0,0,2,0,1,0,0,1,"2021-04-07, 01:36:00",1,CAN,56,1874,450
13.76962,71.76962,195.146771,8.6,1617759840,2650,2810.259766,16821130923,1,2021,4,7,1,2.198076254,144.9863014,2.622507266,127.5146771,4.558436266,177.0940118,6.202922172,191.2634167,6.484210198,192.5195053,0,0,0,0,0,0,0,0,0,0,2,0,1,0,0,1,"2021-04-07, 01:44:00",1,CAN,56,1874,450
13.76962,71.76962,178.9432485,9,1617760020,2650,2810.705811,16821130923,1,2021,4,7,1,2.641099375,157.5264188,3.360732737,140.37182,4.575215366,178.356922,6.237987076,192.3619954,6.524563947,193.7351258,0,0,0,0,0,0,0,0,0,0,2,0,1,0,0,1,"2021-04-07, 01:47:00",1,CAN,56,1874,450
13.76667,71.76667,226.8493151,9.5,1617760680,2650,2812.491943,16821130923,1,2021,4,7,1,2.658138726,157.667319,3.86561701,157.667319,4.59113839,178.9188868,6.281337913,194.8875449,6.573461491,196.3849148,0,0,0,0,0,0,0,0,0,0,2,0,1,0,0,1,"2021-04-07, 01:58:00",1,CAN,56,1874,450
6.77126,73.77126,9.15851272,10,1617763440,2648,2817.868164,16821130923,1,2021,4,7,2,3.467507889,141.6046967,4.253830685,132.9158513,4.569394046,174.469783,6.332409733,190.7344321,6.630333245,192.2992207,0,0,0,0,0,0,0,0,0,0,2,0,1,0,0,1,"2021-04-07, 02:44:00",1,CAN,56,1874,450
20.87667,63.87667,233.8943249,10.4,1617764280,2661,2826.649414,16821130923,1,2021,4,7,2,4.046845816,168.7984344,4.566525589,147.3413475,4.63148813,181.0717903,6.38879258,193.3916054,6.692673784,195.0745265,0,0,0,0,0,0,0,0,0,0,2,0,1,0,0,1,"2021-04-07, 02:58:00",0,CAN,56,1874,450
20.91732,63.91732,81.01761252,5,1617765180,2665,2831.065186,16821130923,1,2021,4,7,3,3.740137502,145.9726027,4.382891082,139.0508806,4.479905514,175.2984868,6.34260685,191.5240909,6.64743275,193.2821038,0,0,0,0,0,0,0,0,0,0,2,0,1,0,0,1,"2021-04-07, 03:13:00",0,CAN,56,1874,450
20.9466,63.9466,122.5831703,4,1617765780,2668,2833.263672,16821130923,1,2021,4,7,3,3.314153732,134.7005871,4.17123203,137.221135,4.410677459,174.4766889,6.280240729,190.909342,6.585050322,192.7489683,0,0,0,0,0,0,0,0,0,0,2,0,1,0,0,1,"2021-04-07, 03:23:00",0,CAN,56,1874,450
20.92167,63.92167,88.76712329,0,1617767400,2665,2830.619385,16821130923,1,2021,4,7,3,2.504784568,107.0841487,3.754108827,132.3757339,4.246139551,166.3484853,6.149402381,189.3855474,6.450661539,191.2935169,0,0,0,0,0,0,0,0,0,0,2,0,1,0,0,1,"2021-04-07, 03:50:00",0,CAN,56,1874,450
20.91011,63.91011,127.5146771,5.9,1617768840,2664,2829.738281,16821130923,1,2021,4,7,4,2.155477877,130.7553816,3.745098065,131.9338196,4.154824722,171.0168503,6.12659445,188.973057,6.429414056,190.9564029,0,0,0,0,0,0,0,0,0,0,2,0,1,0,0,1,"2021-04-07, 04:14:00",0,CAN,56,1874,450
20.93084,63.93084,230.37182,11.3,1617769440,2666,2832.391846,16821130923,1,2021,4,7,4,2.232154956,130.0508806,4.353324518,144.7429283,4.275360296,175.3813572,6.196806615,191.3062743,6.505698882,193.3914649,0,0,0,0,0,0,0,0,0,0,2,0,1,0,0,1,"2021-04-07, 04:24:00",0,CAN,56,1874,450
20.98853,63.98853,178.9432485,9.6,1617771300,2672,2842.134277,16821130923,1,2021,4,7,4,2.624060024,149.6360078,4.52227631,144.3444227,4.311600869,176.6977878,6.235837035,192.2101458,6.549192803,194.3799211,0,0,0,0,0,0,0,0,0,0,2,0,1,0,0,1,"2021-04-07, 04:55:00",0,CAN,56,1874,450
20.97333,63.97333,236.7123288,8,1617773160,2668,2846.648682,16821130923,1,2021,4,7,5,2.96484704,172.4618395,4.419027992,145.4403131,4.531041818,182.5634572,6.247124753,194.5531405,6.563475059,196.8221541,0,0,0,0,0,0,0,0,0,0,2,0,1,0,0,1,"2021-04-07, 05:26:00",0,CAN,56,1874,450
19.04692,68.04692,196.555773,10.2,1617774720,2677,2853.663574,16821130923,1,2021,4,7,5,3.833853931,194.0195695,4.432794435,166.2622309,4.514605148,182.3977165,6.293387832,195.8025195,6.614435599,198.1566477,0,0,0,0,0,0,0,0,0,0,2,0,1,0,0,1,"2021-04-07, 05:52:00",0,CAN,56,1874,450
19.06167,68.06167,2.818003914,9,1617776760,2676,2860.822998,16821130923,1,2021,4,7,6,4.097963869,169.0802348,4.778922128,151.6689964,4.453728596,171.8648906,6.318985245,192.2457811,6.643617159,194.6238901,0,0,0,0,0,0,0,0,0,0,2,0,1,0,0,1,"2021-04-07, 06:26:00",0,CAN,56,1874,450
19.1777,68.1777,209.9412916,9.5,1617779160,2668,2871.776123,16821130923,1,2021,4,7,7,3.944609712,164.9941292,5.619658428,168.9795919,4.410323614,179.8572788,6.351405023,193.8145628,6.679910707,196.2769628,0,0,0,0,0,0,0,0,0,0,2,0,1,0,0,1,"2021-04-07, 07:06:00",0,CAN,56,1874,450
19.26448,68.26448,214.8727984,10.3,1617782580,2659,2889.992188,16821130923,1,2021,4,7,8,4.004247439,172.1800391,5.823205112,172.1800391,4.182991834,185.1643124,6.394850521,195.4441491,6.72774861,197.9903876,0,0,0,0,0,0,0,0,0,0,2,0,1,0,0,1,"2021-04-07, 08:03:00",0,CAN,56,1874,450
8.42167,72.0418635,116.9471624,10.5,1617825000,2614,2771.784912,16821130923,1,2021,4,7,19,4.217239324,148.2270059,6.504644008,116.9471624,5.887980178,201.6650809,6.481658447,204.456945,6.777086132,197.3350645,0,0,0,0,0,0,0,0,0,0,2,0,1,0,0,1,"2021-04-07, 19:50:00",1,CAN,56,1874,450
8.48985,72.0382695,118.3561644,12,1617826260,2622,2776.608398,16821130923,1,2021,4,7,20,4.370593482,132.5870841,6.969261437,117.6516634,6.369209327,143.0066603,6.409494233,191.3177779,6.847969902,196.7346249,0,0,0,0,0,0,0,0,0,0,2,0,1,0,0,1,"2021-04-07, 20:11:00",1,CAN,56,1874,450
8.42558,72.008619,30.29354207,0.8,1617831600,2615,2771.765625,16821130923,1,2021,4,7,21,3.671980099,138.0821918,4.8113716,88.53228965,4.397113402,107.6117983,6.097876039,189.5023799,6.746013991,194.1463983,0,0,0,0,0,0,0,0,0,0,2,0,1,0,0,1,"2021-04-07, 21:40:00",1,CAN,56,1874,450
8.43167,72.0177038,31.70254403,4,1617833100,2615,2771.315918,16821130923,1,2021,4,7,22,3.203397952,102.4344423,4.228018605,74.32485323,3.863986992,90.34253092,5.990416965,183.6046733,6.695310091,191.6746298,0,0,0,0,0,0,0,0,0,0,2,0,1,0,0,1,"2021-04-07, 22:05:00",1,CAN,56,1874,450
8.45442,72.0151081,223.3268102,8.1,1617833760,2617,2773.079346,16821130923,1,2021,4,7,22,3.015965093,104.1252446,4.385988531,104.1252446,4.008355736,126.565176,6.239449105,190.2220684,6.7066354,193.5106376,0,0,0,0,0,0,0,0,0,0,2,0,1,0,0,1,"2021-04-07, 22:16:00",1,CAN,56,1874,450
8.44796,72.0190016,86.65362035,4.6,1617834420,2617,2773.079346,16821130923,1,2021,4,7,22,2.513304244,98.0665362,4.129932704,101.2133073,3.774346268,123.0256898,6.150359103,187.3274972,6.666864007,192.3206373,0,0,0,0,0,0,0,0,0,0,2,0,1,0,0,1,"2021-04-07, 22:27:00",1,CAN,56,1874,450
8.43491,71.9784693,140.9001957,5.7,1617835260,2615,2771.315918,16821130923,1,2021,4,7,22,1.976564694,102.5753425,4.044384098,106.8828627,3.696163381,129.9170858,6.143929928,184.1280831,6.644032281,192.3273299,0,0,0,0,0,0,0,0,0,0,2,0,1,0,0,1,"2021-04-07, 22:41:00",1,CAN,56,1874,450
8.41985,72.9581033,121.8786693,3,1617835920,2614,2770.43457,16821130923,1,2021,4,7,22,2.163997552,120.8923679,3.380644913,107.5873637,3.446449936,132.1955281,6.006030676,183.2653197,6.583967278,191.933492,0,0,0,0,0,0,0,0,0,0,2,0,1,0,0,1,"2021-04-07, 22:52:00",1,CAN,56,1874,450
8.36281,72.9588021,76.79060665,0.8,1617840960,2608,2762.89502,16821130923,1,2021,4,8,0,1.891367939,129.9099804,2.389461064,101.6494269,3.113835671,127.8782112,5.808854719,180.2509736,6.495280126,190.6170479,0,0,0,0,0,0,0,0,0,0,2,0,1,0,0,1,"2021-04-08, 00:16:00",1,CAN,56,1874,450
16.2313,72.9500168,88.06262231,4.3,1617842220,2608,2761.994873,16821130923,1,2021,4,8,0,1.567620274,102.8571429,2.423754255,99.95107632,3.045897438,125.7944814,5.732368983,177.9860295,6.456948436,189.5700487,0,0,0,0,0,0,0,0,0,0,2,0,1,0,0,1,"2021-04-08, 00:37:00",1,CAN,56,1874,450
16.26645,72.9502165,188.1017613,3.6,1617843660,2608,2761.545166,16821130923,1,2021,4,8,1,1.48242352,123.146771,2.640575722,119.6771037,2.95428376,135.1440187,5.640572096,180.4539011,6.410342849,190.5663697,0,0,0,0,0,0,0,0,0,0,2,0,1,0,0,1,"2021-04-08, 01:01:00",1,CAN,56,1874,450
16.24845,72.9637938,218.3953033,4,1617844620,2608,2762.444824,16821130923,1,2021,4,8,1,1.337589038,138.6457926,2.300962506,131.540397,2.896810761,146.0038059,5.743502245,186.35193,6.370382463,192.1344063,0,0,0,0,0,0,0,0,0,0,2,0,1,0,0,1,"2021-04-08, 01:17:00",1,CAN,56,1874,450
16.24333,72.9701831,248.6888454,0,1617854160,2621,2775.72583,16821130923,1,2021,4,8,3,1.081998776,164.0078278,1.569374427,218.3953033,2.673979163,158.0253238,5.490728208,195.0769611,6.279376999,194.2496568,0,0,0,0,0,0,0,0,0,0,2,0,1,0,0,1,"2021-04-08, 03:56:00",1,CAN,56,1874,450
16.26619,72.9647921,52.13307241,3.8,1617855180,2621,2775.277344,16821130923,1,2021,4,8,4,1.337589038,159.0763209,1.610673754,173.0724071,2.636650464,151.2641022,5.388460072,189.353684,6.239814257,192.5182125,0,0,0,0,0,0,0,0,0,0,2,0,1,0,0,1,"2021-04-08, 04:13:00",1,CAN,56,1874,450
16.2866,72.830117,85.94911937,5,1617855780,2621,2774.829102,16821130923,1,2021,4,8,4,1.397226766,158.6536204,1.817170389,128.9236791,2.64959108,148.1446242,5.353570762,186.8470949,6.216571631,191.4773606,0,0,0,0,0,0,0,0,0,0,2,0,1,0,0,1,"2021-04-08, 04:23:00",1,CAN,56,1874,450
16.27538,72.839701,109.9021526,7,1617855840,2621,2774.381104,16821130923,1,2021,4,8,4,1.68689573,143.0136986,2.446985127,124.1682975,2.731683111,147.2347764,5.186877394,179.5822351,6.21898686,190.9138925,0,0,0,0,0,0,0,0,0,0,2,0,1,0,0,1,"2021-04-08, 04:24:00",1,CAN,56,1874,450
16.24833,72.8389023,38.04305284,7,1617856680,2619,2772.166992,16821130923,1,2021,4,8,4,1.942485992,106.9432485,2.824873969,106.9432485,2.804117256,141.2940057,5.220923966,173.9687318,6.221336812,189.0372483,0,0,0,0,0,0,0,0,0,0,2,0,1,0,0,1,"2021-04-08, 04:38:00",1,CAN,56,1874,450
16.24333,72.8287193,224.7358121,8,1617857400,2621,2774.829102,16821130923,1,2021,4,8,4,2.624060024,102.1526419,3.180048181,126.5753425,2.899956049,148.6203616,5.287668733,179.1432281,6.235801019,190.6158798,0,0,0,0,0,0,0,0,0,0,2,0,1,0,0,1,"2021-04-08, 04:50:00",1,CAN,56,1874,450
16.24534,72.7889856,25.36203523,4.5,1617858180,2623,2778.387451,16821130923,1,2021,4,8,5,2.683697752,96.79843444,3.123999095,112.1162985,2.881415401,142.4207522,5.106438151,170.6533968,6.207826146,188.5642867,0,0,0,0,0,0,0,0,0,0,2,0,1,0,0,1,"2021-04-08, 05:03:00",1,CAN,56,1874,450
16.26575,72.6672888,100.0391389,4.6,1617858840,2622,2776.608398,16821130923,1,2021,4,8,5,2.64961905,99.61643836,3.089705904,110.6066536,2.867559577,141.3796384,5.059104988,169.1361315,6.181763957,187.8926956,0,0,0,0,0,0,0,0,0,0,2,0,1,0,0,1,"2021-04-08, 05:14:00",1,CAN,56,1874,450
16.29711,72.6865566,101.4481409,0.8,1617868800,2611,2761.066162,16821130923,1,2021,4,8,8,2.121399175,97.92563601,2.044316688,75.61643833,2.592975886,140.4376784,4.357287138,159.3595846,6.111877435,187.2630361,0,0,0,0,0,0,0,0,0,0,2,0,1,0,0,1,"2021-04-08, 08:00:00",1,CAN,56,1874,450
16.30472,72.6668894,96.51663405,1.6,1617869040,2610,2759.734131,16821130923,1,2021,4,8,8,1.661336704,109.6203523,1.445476446,99.33463796,2.51263623,139.3366861,4.02002381,152.2221785,6.053008486,186.5639223,0,0,0,0,0,0,0,0,0,0,2,0,1,0,0,1,"2021-04-08, 08:04:00",1,CAN,56,1874,450
16.2829,72.6772721,100.0391389,4,1617870000,2610,2759.734131,16821130923,1,2021,4,8,8,1.320549687,84.68101761,1.321578465,99.33463796,2.2969593,138.2764714,3.993561869,151.3743344,6.023009332,185.9425204,0,0,0,0,0,0,0,0,0,0,2,0,1,0,0,1,"2021-04-08, 08:20:00",1,CAN,56,1874,450
16.23333,72.6806664,240.2348337,8.9,1617870660,2611,2760.170166,16821130923,1,2021,4,8,8,1.695415405,127.6555773,2.369548889,134.5596869,2.421586253,145.2642505,4.14342859,158.3470359,6.048998037,187.7041805,0,0,0,0,0,0,0,0,0,0,2,0,1,0,0,1,"2021-04-08, 08:31:00",1,CAN,56,1874,450
16.26284,72.6833619,169.7847358,9,1617871320,2613,2763.281982,16821130923,1,2021,4,8,8,2.070281123,141.6046967,3.010720941,141.6046967,2.53783761,147.9212344,4.284717373,161.02328,6.075466614,188.2475747,0,0,0,0,0,0,0,0,0,0,2,0,1,0,0,1,"2021-04-08, 08:42:00",1,CAN,56,1874,450
16.34123,72.6597014,207.8277886,6.3,1617872760,2609,2763.776611,16821130923,1,2021,4,8,9,2.53886327,162.8806262,3.159398518,152.6418787,2.58070926,152.2835395,4.326572617,165.4348767,6.071588643,189.4048898,0,0,0,0,0,0,0,0,0,0,2,0,1,0,0,1,"2021-04-08, 09:06:00",1,CAN,56,1874,450
16.36877,72.5557749,14.79452055,8.6,1617873420,2611,2765.091064,16821130923,1,2021,4,8,9,3.135240548,146.5362035,3.469143471,132.9493989,2.672237158,146.9115128,4.43797764,160.034617,6.09280918,187.3910059,0,0,0,0,0,0,0,0,0,0,2,0,1,0,0,1,"2021-04-08, 09:17:00",1,CAN,56,1874,450
16.39299,72.4243942,233.8943249,7.1,1617874260,2615,2766.841553,16821130923,1,2021,4,8,9,3.399350486,173.3072407,3.585297828,145.5675147,2.724061835,152.195711,4.495736779,165.4014959,6.097413898,188.9506798,0,0,0,0,0,0,0,0,0,0,2,0,1,0,0,1,"2021-04-08, 09:31:00",1,CAN,56,1874,450
8.42,71.4174059,190.2152642,8,1617874860,2614,2768.636475,16821130923,1,2021,4,8,9,3.322673407,163.3033268,3.737589096,150.5283758,2.880842372,159.6721072,4.575980282,168.400006,6.111468996,189.7792895,0,0,0,0,0,0,0,0,0,0,2,0,1,0,0,1,"2021-04-08, 09:41:00",1,CAN,56,1874,450
8.42,72.281333,222.6223092,6,1617875760,2614,2770.43457,16821130923,1,2021,4,8,9,3.067083145,173.8708415,3.73552413,157.7377691,2.899956049,163.7805265,4.594017566,172.6317611,6.104206298,191.0984168,0,0,0,0,0,0,0,0,0,0,2,0,1,0,0,1,"2021-04-08, 09:56:00",1,CAN,56,1874,450
4.44413,72.2707507,22.54403131,9.1,1617876420,2616,2771.748291,16821130923,1,2021,4,8,10,3.305634056,136.81409,3.908418131,145.4474293,3.00689586,163.3682208,4.696176133,168.0278053,6.129280638,189.2772966,0,0,0,0,0,0,0,0,0,0,2,0,1,0,0,1,"2021-04-08, 10:07:00",1,CAN,56,1874,450
4.446833,72.0181723,193.7377691,6,1617877200,2618,2771.732666,16821130923,1,2021,4,8,10,3.084122496,172.6027397,3.892461573,149.4716243,2.96286182,162.036156,4.709329965,170.8091735,6.121981017,190.1284487,0,0,0,0,0,0,0,0,0,0,2,0,1,0,0,1,"2021-04-08, 10:20:00",1,CAN,56,1874,450
4.47643,73.0060233,10.56751468,8.7,1617878280,2620,2776.623291,16821130923,1,2021,4,8,10,3.220437302,127.9373777,4.007623158,138.7866928,3.048833041,158.6108468,4.791465215,166.0579836,6.14224168,188.1765345,0,0,0,0,0,0,0,0,0,0,2,0,1,0,0,1,"2021-04-08, 10:38:00",1,CAN,56,1874,450
4.50156,73.0400665,45.08806262,9,1617878940,2623,2777.490967,16821130923,1,2021,4,8,10,3.305634056,98.91193738,4.119607872,132.0939335,3.118029389,154.2974945,4.876294126,162.9332858,6.16506783,186.786459,0,0,0,0,0,0,0,0,0,0,2,0,1,0,0,1,"2021-04-08, 10:49:00",1,CAN,56,1874,450
4.502,73.0316805,142.3091977,9,1617879420,2623,2776.594971,16821130923,1,2021,4,8,10,3.561224318,82.84931507,4.21666129,132.7749511,3.243840931,155.2172534,4.956275669,163.6723743,6.18739776,186.8722199,0,0,0,0,0,0,0,0,0,0,2,0,1,0,0,1,"2021-04-08, 10:57:00",1,CAN,56,1874,450
4.49729,73.043361,141.6046967,9.5,1617879540,2623,2776.594971,16821130923,1,2021,4,8,10,3.59530302,106.6614481,4.320942091,133.3268102,3.320076735,155.8209868,5.04365893,164.3444396,6.214157524,186.9457735,0,0,0,0,0,0,0,0,0,0,2,0,1,0,0,1,"2021-04-08, 10:59:00",1,CAN,56,1874,450
4.48574,73.0336772,199.3737769,7.1,1617880200,2622,2777.056641,16821130923,1,2021,4,8,11,3.68901945,107.7886497,4.803111734,142.3091977,3.344200943,158.8044227,5.070998785,167.0515864,6.217030426,187.8584759,0,0,0,0,0,0,0,0,0,0,2,0,1,0,0,1,"2021-04-08, 11:10:00",1,CAN,56,1874,450
3.49796,73.0419633,32.40704501,4.2,1617881160,2622,2779.284912,16821130923,1,2021,4,8,11,3.305634056,112.1565558,4.8113716,137.8003914,3.31198885,154.8239772,5.031813794,163.7869229,6.191964105,186.3476736,0,0,0,0,0,0,0,0,0,0,2,0,1,0,0,1,"2021-04-08, 11:26:00",1,CAN,56,1874,450
20.49333,72.0376705,90.17612524,4,1617881880,2621,2777.505371,16821130923,1,2021,4,8,11,2.879650286,121.1741683,4.609004897,127.7964775,3.278202363,153.3654584,4.990264701,162.6548613,6.165517356,185.6915451,0,0,0,0,0,0,0,0,0,0,2,0,1,0,0,1,"2021-04-08, 11:38:00",0,CAN,56,1874,450
20.46396,72.034975,112.7201566,4.5,1617884340,2619,2773.063721,16821130923,1,2021,4,8,12,2.496264893,115.2563601,4.393613022,125.943098,3.345775336,154.7742549,4.961453686,162.3271311,6.144323473,185.3668816,0,0,0,0,0,0,0,0,0,0,2,0,1,0,0,1,"2021-04-08, 12:19:00",0,CAN,56,1874,450
12.38895,63.38895,97.92563601,0.9,1617889800,2611,2764.641846,16821130923,1,2021,4,8,13,1.763572808,106.5205479,3.469143471,116.6452335,3.361771175,148.8237803,4.859163714,161.5366593,6.090013459,184.842327,0,0,0,0,0,0,0,0,0,0,2,0,1,0,0,1,"2021-04-08, 13:50:00",0,CAN,56,1874,450
12.38006,63.38006,104.9706458,3.7,1617890760,2610,2763.310059,16821130923,1,2021,4,8,14,1.473903845,87.63992172,2.519258949,106.2622309,3.319537542,148.11608,4.818601345,161.0063671,6.062630448,184.4257174,0,0,0,0,0,0,0,0,0,0,2,0,1,0,0,1,"2021-04-08, 14:06:00",0,CAN,56,1874,450
12.36666,63.36666,145.8317025,5,1617891420,2609,2762.42749,16821130923,1,2021,4,8,14,1.542061248,110.3248532,2.302437482,97.33855188,3.303770515,149.0561984,4.80570943,161.7614442,6.047667596,184.5764121,0,0,0,0,0,0,0,0,0,0,2,0,1,0,0,1,"2021-04-08, 14:17:00",0,CAN,56,1874,450
20.37,63.37,200.0782779,8,1617892140,2609,2763.776611,16821130923,1,2021,4,8,14,1.882848264,132.3052838,2.694781089,125.2837573,3.342065672,151.9980971,4.85155236,164.1178553,6.060127841,185.4588589,0,0,0,0,0,0,0,0,0,0,2,0,1,0,0,1,"2021-04-08, 14:29:00",0,CAN,56,1874,450
20.39687,63.39687,225.4403131,8.9,1617892980,2612,2767.771729,16821130923,1,2021,4,8,14,2.257713982,154.8493151,3.200697845,147.8277886,3.393480417,155.695874,4.912414823,167.1172653,6.080402023,186.6641479,0,0,0,0,0,0,0,0,0,0,2,0,1,0,0,1,"2021-04-08, 14:43:00",0,CAN,56,1874,450
12.42667,63.42667,252.2113503,9,1617894300,2615,2771.315918,16821130923,1,2021,4,8,15,2.947807689,185.7064579,3.539942317,162.739726,3.443535918,160.1332065,4.972485113,170.7583768,6.101169202,188.2015897,0,0,0,0,0,0,0,0,0,0,2,0,1,0,0,1,"2021-04-08, 15:05:00",0,CAN,56,1874,450
12.47983,63.47983,73.26810176,4.8,1617895500,2620,2776.174561,16821130923,1,2021,4,8,15,3.041524119,179.3659491,3.566491885,157.1037182,3.422792873,158.1024874,4.953787111,169.1934044,6.084654992,187.355704,0,0,0,0,0,0,0,0,0,0,2,0,1,0,0,1,"2021-04-08, 15:25:00",0,CAN,56,1874,450
12.47333,63.47333,125.4011742,4,1617896100,2619,2774.843506,16821130923,1,2021,4,8,15,2.956327365,175.2798434,3.430425352,153.1409002,3.390621064,157.9448144,4.921654029,169.1345737,6.061497099,187.2051408,0,0,0,0,0,0,0,0,0,0,2,0,1,0,0,1,"2021-04-08, 15:35:00",0,CAN,56,1874,450
20.43555,63.43555,131.037182,2.8,1617898320,2616,2772.197754,16821130923,1,2021,4,8,16,2.513304244,161.4716243,3.241997172,150.6849315,3.434655104,153.9724073,4.869946384,169.2307421,6.028437252,187.130154,0,0,0,0,0,0,0,0,0,0,2,0,1,0,0,1,"2021-04-08, 16:12:00",0,CAN,56,1874,450
20.39,63.39,83.13111546,0,1617902220,2611,2766.440186,16821130923,1,2021,4,8,17,1.755053133,133.0097847,3.318695922,155.7953592,3.368604044,162.3596575,4.772547456,168.0519256,5.972096716,186.4440955,0,0,0,0,0,0,0,0,0,0,2,0,1,0,0,1,"2021-04-08, 17:17:00",0,CAN,56,1874,450
12.38375,63.38375,103.5616438,3.6,1617903420,2610,2765.108398,16821130923,1,2021,4,8,17,1.294990661,103.2798434,2.929302268,142.0072687,3.325686074,161.182898,4.739169256,167.4508107,5.947241826,186.0295251,0,0,0,0,0,0,0,0,0,0,2,0,1,0,0,1,"2021-04-08, 17:37:00",0,CAN,56,1874,450
20.375,63.375,72.56360078,8,1617904200,2610,2764.20874,16821130923,1,2021,4,8,17,1.567620274,103.1389432,2.849653565,120.1677383,3.363296369,158.902236,4.779239047,166.0819492,5.959708895,185.2335269,0,0,0,0,0,0,0,0,0,0,2,0,1,0,0,1,"2021-04-08, 17:50:00",0,CAN,56,1874,450
12.36599,63.36599,45.08806262,8.9,1617905460,2610,2759.734131,16821130923,1,2021,4,8,18,1.985084369,87.07632094,2.84080371,90.57869725,3.41406776,155.7477727,4.832279125,164.0769739,5.979421491,184.11031,0,0,0,0,0,0,0,0,0,0,2,0,1,0,0,1,"2021-04-08, 18:11:00",0,CAN,56,1874,450
12.36126,63.36126,95.10763209,9.6,1617907440,2610,2754.375,16821130923,1,2021,4,8,18,2.564422296,79.89041096,3.396869648,88.4148728,3.473508668,154.567079,4.894410216,163.3751623,6.00453826,183.6237806,0,0,0,0,0,0,0,0,0,0,2,0,1,0,0,1,"2021-04-08, 18:44:00",0,CAN,56,1874,450
20.33,63.33,73.97260274,9,1617908520,2608,2749.484619,16821130923,1,2021,4,8,19,3.331193083,78.05870841,3.708089577,86.35169138,3.519847491,152.7198586,4.944978179,162.1890563,6.024314002,182.8877934,0,0,0,0,0,0,0,0,0,0,2,0,1,0,0,1,"2021-04-08, 19:02:00",0,CAN,56,1874,450
20.30859,63.30859,150.0587084,10.2,1617909180,2605,2748.158691,16821130923,1,2021,4,8,19,3.893491659,87.35812133,4.362978906,89.06905226,3.582483666,153.5442436,5.012015495,162.8478705,6.053438163,183.0859337,0,0,0,0,0,0,0,0,0,0,2,0,1,0,0,1,"2021-04-08, 19:13:00",0,CAN,56,1874,450
20.2785,63.2785,100.7436399,9.5,1617909900,2602,2745.948975,16821130923,1,2021,4,8,19,4.02128679,92.99412916,4.553250806,90.52837573,3.631023119,152.7039885,5.066227031,162.3357398,6.076443582,182.6888248,0,0,0,0,0,0,0,0,0,0,2,0,1,0,0,1,"2021-04-08, 19:25:00",0,CAN,56,1874,450
20.21477,63.21477,73.97260274,9.4,1617911820,2595,2736.16748,16821130923,1,2021,4,8,19,4.063885167,98.77103718,4.69435684,88.68884541,3.67551799,151.05163,5.049768527,161.3354893,6.098254759,181.9801673,0,0,0,0,0,0,0,0,0,0,2,0,1,0,0,1,"2021-04-08, 19:57:00",0,CAN,56,1874,450
15.24703,63.24703,16.90802348,11.1,1617912300,2600,2737.926758,16821130923,1,2021,4,8,20,4.191680298,83.13111546,4.912554951,81.51076321,3.907978528,149.1861033,5.125921358,158.9405989,6.133073997,180.6107682,0,0,0,0,0,0,0,0,0,0,2,0,1,0,0,1,"2021-04-08, 20:05:00",0,CAN,56,1874,450
15.23154,63.23154,16.2035225,11.2,1617912480,2598,2736.598633,16821130923,1,2021,4,8,20,4.379113157,71.57729941,5.096712404,75.57374135,3.972002822,145.7784566,5.200938245,156.6110496,6.168078607,179.2565405,0,0,0,0,0,0,0,0,0,0,2,0,1,0,0,1,"2021-04-08, 20:08:00",0,CAN,56,1874,450
15.25644,63.25644,68.33659491,8.1,1617913140,2601,2737.923096,16821130923,1,2021,4,8,20,4.200199974,55.23287671,5.552882244,74.22878494,3.987741999,144.1703872,5.144563428,155.4862889,6.178497256,178.5296482,0,0,0,0,0,0,0,0,0,0,2,0,1,0,0,1,"2021-04-08, 20:19:00",0,CAN,56,1874,450
15.2459,63.2459,46.49706458,8.6,1617914220,2601,2734.364502,16821130923,1,2021,4,8,20,4.123522895,44.38356164,5.834468565,69.04109589,4.028618016,138.5672793,5.181062508,153.922977,6.192578067,177.5639131,0,0,0,0,0,0,0,0,0,0,2,0,1,0,0,1,"2021-04-08, 20:37:00",0,CAN,56,1874,450
15.26167,63.26167,2.818003914,8,1617914820,2603,2733.921875,16821130923,1,2021,4,8,20,4.004247439,30.15264188,5.761256121,63.52250489,4.013719281,133.2265011,5.207976211,151.4609387,6.201857852,176.1163386,0,0,0,0,0,0,0,0,0,0,2,0,1,0,0,1,"2021-04-08, 20:47:00",0,CAN,56,1874,450
15.27333,63.27333,205.0097847,6,1617915540,2603,2736.143311,16821130923,1,2021,4,8,20,3.569743994,67.77299413,5.658007804,74.55968686,3.997903701,136.1999561,5.206510446,153.4048939,6.195888898,176.9785981,0,0,0,0,0,0,0,0,0,0,2,0,1,0,0,1,"2021-04-08, 20:59:00",0,CAN,56,1874,450
15.2732,63.2732,181.7612524,7.9,1617916200,2603,2737.476318,16821130923,1,2021,4,8,21,3.288594706,100.8845401,5.599235684,82.80596114,4.021130447,135.387543,5.23081208,154.7975521,6.204240836,177.5660372,0,0,0,0,0,0,0,0,0,0,2,0,1,0,0,1,"2021-04-08, 21:10:00",0,CAN,56,1874,450
15.2732,63.2732,181.7612524,7.9,1617916200,2603,2737.476318,16821130923,1,2021,4,8,21,3.271555355,123.5694716,5.548859582,89.87419627,4.032417194,137.5261656,5.254354288,156.1466897,6.212456971,178.1439246,0,0,0,0,0,0,0,0,0,0,2,0,1,0,0,1,"2021-04-08, 21:10:00",0,CAN,56,1874,450
15.26165,63.26165,159.9217221,7.8,1617918120,2600,2741.493164,16821130923,1,2021,4,8,21,3.203397952,146.2544031,5.500185376,98.07660049,4.007759787,135.8405528,5.347634734,158.8338382,6.21980408,178.4715548,0,0,0,0,0,0,0,0,0,0,2,0,1,0,0,1,"2021-04-08, 21:42:00",0,CAN,56,1874,450
15.25,63.25,52.83757339,9,1617918780,2599,2739.712646,16821130923,1,2021,4,8,21,3.288594706,156.258317,5.473635808,95.05731058,4.035647163,134.0042451,5.383450325,157.4686949,6.235801019,177.6220293,0,0,0,0,0,0,0,0,0,0,2,0,1,0,0,1,"2021-04-08, 21:53:00",0,CAN,56,1874,450
15.24,63.24,98.63013699,8,1617919500,2599,2738.37915,16821130923,1,2021,4,8,22,3.458988214,134.9823875,5.429386529,96.81856302,4.064680596,130.1397936,5.43593339,158.8347368,6.24429587,177.2831583,0,0,0,0,0,0,0,0,0,0,2,0,1,0,0,1,"2021-04-08, 22:05:00",0,CAN,56,1874,450
15.24554,63.24554,29.5890411,8.5,1617920100,2600,2737.926758,16821130923,1,2021,4,8,22,3.510106266,104.5479452,5.354162755,88.21358679,4.055970566,130.3593647,5.463407479,157.0229338,6.256252493,176.2059467,0,0,0,0,0,0,0,0,0,0,2,0,1,0,0,1,"2021-04-08, 22:15:00",0,CAN,56,1874,450
15.2566,63.2566,68.33659491,7.6,1617920700,2601,2737.477539,16821130923,1,2021,4,8,22,3.48454724,81.8630137,5.270089125,85.89879786,4.079197312,126.4509991,5.456946495,153.9073994,6.261600869,175.5596756,0,0,0,0,0,0,0,0,0,0,2,0,1,0,0,1,"2021-04-08, 22:25:00",0,CAN,56,1874,450
15.26153,63.26153,27.47553816,7.3,1617921420,2602,2736.142822,16821130923,1,2021,4,8,22,3.441948863,55.37377691,5.220234937,82.00391389,4.080540109,124.1246432,5.491835805,152.7178317,6.264742443,174.4901126,0,0,0,0,0,0,0,0,0,0,2,0,1,0,0,1,"2021-04-08, 22:37:00",0,CAN,56,1874,450
15.28667,63.28667,162.035225,5,1617922560,2606,2737.479248,16821130923,1,2021,4,8,22,3.101161847,77.21330724,5.087560849,87.00587084,4.000807044,130.62285,5.527778753,153.0110841,6.251677849,174.8529679,0,0,0,0,0,0,0,0,0,0,2,0,1,0,0,1,"2021-04-08, 22:56:00",0,CAN,56,1874,450
15.24926,63.24926,195.146771,6.1,1617924900,2600,2736.589355,16821130923,1,2021,4,8,23,2.939288014,96.51663405,4.655704905,108.6015355,3.961490937,130.6850618,5.522848525,154.6154754,6.246481386,175.5560546,0,0,0,0,0,0,0,0,0,0,2,0,1,0,0,1,"2021-04-08, 23:35:00",0,CAN,56,1874,450
15.26127,63.26127,224.0313112,7.3,1617926880,2601,2740.152832,16821130923,1,2021,4,9,0,2.837051909,135.4050881,4.640542565,125.5933108,4.013388198,135.2045671,5.53334039,156.7439307,6.249666103,176.5478334,0,0,0,0,0,0,0,0,0,0,2,0,1,0,0,1,"2021-04-09, 00:08:00",0,CAN,56,1874,450
15.27,63.27,89.47162427,9,1617928140,2601,2742.826416,16821130923,1,2021,4,9,0,2.956327365,139.6320939,4.683343686,110.7475538,4.084157191,134.4196004,5.637719022,156.9950335,6.264476293,176.1406738,0,0,0,0,0,0,0,0,0,0,2,0,1,0,0,1,"2021-04-09, 00:29:00",0,CAN,56,1874,450
15.23,63.23,74.67710372,9,1617929400,2598,2737.045654,16821130923,1,2021,4,9,0,3.101161847,149.072407,4.757682474,102.223092,4.111487198,133.2399002,5.697545799,156.7299806,6.279065435,175.5885565,0,0,0,0,0,0,0,0,0,0,2,0,1,0,0,1,"2021-04-09, 00:50:00",0,CAN,56,1874,450
15.25411,63.25411,54.24657534,7.9,1617930720,2600,2736.589355,16821130923,1,2021,4,9,1,3.348232433,127.5146771,4.659940734,102.778865,4.120990175,131.4687766,5.752280935,154.0794513,6.332907416,176.1423501,0,0,0,0,0,0,0,0,0,0,2,0,1,0,0,1,"2021-04-09, 01:12:00",0,CAN,56,1874,450
15.25,63.25,189.5107632,7,1617932460,2601,2733.919922,16821130923,1,2021,4,9,1,3.424909512,126.3874755,4.539976022,141.3027677,4.116940775,134.0042451,5.790468239,153.507495,6.333351683,176.7579428,0,0,0,0,0,0,0,0,0,0,2,0,1,0,0,1,"2021-04-09, 01:41:00",0,CAN,56,1874,450
15.26333,63.26333,143.0136986,9,1617933720,2602,2736.587402,16821130923,1,2021,4,9,2,3.569743994,110.183953,4.893970254,138.5854068,4.234526178,135.4095001,5.818191474,154.0402677,6.347219842,176.896783,0,0,0,0,0,0,0,0,0,0,2,0,1,0,0,1,"2021-04-09, 02:02:00",0,CAN,56,1874,450
15.24166,63.24166,160.6262231,9,1617934980,2599,2737.039307,16821130923,1,2021,4,9,2,3.569743994,124.4148728,4.979150116,141.3405088,4.350430698,136.0884371,5.845111135,154.8962429,6.360885547,177.2094621,0,0,0,0,0,0,0,0,0,0,2,0,1,0,0,1,"2021-04-09, 02:23:00",0,CAN,56,1874,450
15.24629,63.24629,183.1702544,8.7,1617936360,2599,2740.159668,16821130923,1,2021,4,9,2,3.544184968,146.1135029,5.180484335,139.8434442,4.342538395,131.8049734,5.867606594,156.155035,6.37236783,177.7410867,0,0,0,0,0,0,0,0,0,0,2,0,1,0,0,1,"2021-04-09, 02:46:00",0,CAN,56,1874,450
15.25333,60.25333,82.42661448,5,1617937860,2599,2741.501709,16821130923,1,2021,4,9,3,3.297114381,151.7495108,5.002380987,122.1428571,4.28133278,126.2272739,5.845024093,155.4958831,6.359374862,177.2735835,0,0,0,0,0,0,0,0,0,0,2,0,1,0,0,1,"2021-04-09, 03:11:00",1,CAN,56,1874,450
15.24333,60.24333,71.8590998,0,1617943260,2599,2735.701416,16821130923,1,2021,4,9,4,2.700737103,128.2191781,3.927566001,128.2191781,4.338341439,124.485524,5.903757242,155.6139682,6.313950756,176.7095006,0,0,0,0,0,0,0,0,0,0,2,0,1,0,0,1,"2021-04-09, 04:41:00",0,CAN,56,1874,450
15.24963,60.24963,201.4872798,10.2,1617945720,2600,2737.480713,16821130923,1,2021,4,9,5,2.802973208,139.9138943,4.076243578,139.9138943,4.50333429,128.5958951,5.994878025,157.3680392,6.335237234,177.4110717,0,0,0,0,0,0,0,0,0,0,2,0,1,0,0,1,"2021-04-09, 05:22:00",0,CAN,56,1874,450
15.3,60.3,3.522504892,10,1617947940,2604,2747.719971,16821130923,1,2021,4,9,5,2.888169962,108.4931507,3.902786405,89.82387476,4.609142854,126.2075334,6.033266206,155.0544825,6.354937608,176.1956327,0,0,0,0,0,0,0,0,0,0,2,0,1,0,0,1,"2021-04-09, 05:59:00",0,CAN,56,1874,450
17.3897,60.3897,200.7827789,10.3,1617949800,2614,2755.696533,16821130923,1,2021,4,9,6,3.024484768,112.0156556,4.72361053,119.4129159,4.632454993,131.7736609,6.074327201,156.7160304,6.376278402,176.8842455,0,0,0,0,0,0,0,0,0,0,2,0,1,0,0,1,"2021-04-09, 06:30:00",0,CAN,56,1874,450
17.38455,60.38455,204.3052838,9.9,1617952560,2610,2763.310059,16821130923,1,2021,4,9,7,3.441948863,136.3913894,5.005478437,136.3913894,4.58759994,135.6475975,6.109163757,158.3974342,6.394785937,177.5967578,0,0,0,0,0,0,0,0,0,0,2,0,1,0,0,1,"2021-04-09, 07:16:00",0,CAN,56,1874,450
17.43717,60.43717,21.83953033,10.9,1617954360,2616,2770.850098,16821130923,1,2021,4,9,7,4.370593482,126.3874755,6.355966431,126.3874755,4.612369087,132.650452,6.155350699,156.5217391,6.419336604,176.5779946,0,0,0,0,0,0,0,0,0,0,2,0,1,0,0,1,"2021-04-09, 07:46:00",0,CAN,56,1874,450
17.50602,60.50602,240.9393346,10.5,1617955680,2624,2778.373535,16821130923,1,2021,4,9,8,4.396152508,134.2778865,6.380746027,145.4794521,4.519779655,146.9172217,6.347460023,159.6619747,6.441048853,177.6260955,0,0,0,0,0,0,0,0,0,0,2,0,1,0,0,1,"2021-04-09, 08:08:00",0,CAN,56,1874,450
17.54862,60.54862,22.54403131,10.8,1617956820,2628,2781.459229,16821130923,1,2021,4,9,8,4.464309911,138.0821918,6.442695017,115.6555773,4.57073333,145.0618459,6.432745003,158.1500242,6.456687022,176.299296,0,0,0,0,0,0,0,0,0,0,2,0,1,0,0,1,"2021-04-09, 08:27:00",0,CAN,56,1874,450
17.60473,60.60473,204.3052838,10.3,1617958140,2634,2786.77124,16821130923,1,2021,4,9,8,4.464309911,138.7866928,6.433845164,128.319821,4.605353196,156.5602546,6.432014951,156.4370273,6.476754941,177.0012464,0,0,0,0,0,0,0,0,0,0,2,0,1,0,0,1,"2021-04-09, 08:49:00",0,CAN,56,1874,450
17.64871,60.64871,207.8277886,10.4,1617959400,2639,2792.528809,16821130923,1,2021,4,9,9,4.506908288,139.4911937,6.469244583,157.5062902,4.70744854,151.9188075,6.484204267,156.4370273,6.497168745,177.72627,0,0,0,0,0,0,0,0,0,0,2,0,1,0,0,1,"2021-04-09, 09:10:00",0,CAN,56,1874,450
17.71055,60.71055,226.1448141,10.7,1617961140,2645,2799.614502,16821130923,1,2021,4,9,9,4.489868937,180.3522505,6.504644008,161.1294381,4.755676297,156.3103167,6.517839953,158.3541167,6.519147336,178.609732,0,0,0,0,0,0,0,0,0,0,2,0,1,0,0,1,"2021-04-09, 09:39:00",0,CAN,56,1874,450
17.76657,60.76657,207.8277886,10,1617963900,2650,2812.491943,16821130923,1,2021,4,9,10,4.44727056,173.7299413,6.513493861,161.632653,4.819368391,172.1574691,6.569650886,157.0229338,6.536570956,179.3143652,0,0,0,0,0,0,0,0,0,0,2,0,1,0,0,1,"2021-04-09, 10:25:00",0,CAN,56,1874,450
17.82151,60.82151,11.27201566,10.9,1617966420,2656,2813.784424,16821130923,1,2021,4,9,11,4.455790236,171.4755382,6.513493861,160.1230081,4.994444724,170.2229761,6.5385151,157.6148853,6.611700104,179.217732,0,0,0,0,0,0,0,0,0,0,2,0,1,0,0,1,"2021-04-09, 11:07:00",0,CAN,56,1874,450
17.83688,60.83688,231.0763209,9.3,1617967860,2656,2826.262695,16821130923,1,2021,4,9,11,4.370593482,176.8297456,6.360096365,181.409002,5.005726738,174.8334919,6.620427227,160.2704824,6.646362048,181.3479324,0,0,0,0,0,0,0,0,0,0,2,0,1,0,0,1,"2021-04-09, 11:31:00",0,CAN,56,1874,450
17.98667,60.98667,252.2113503,10,1617971340,2671,2843.474121,16821130923,1,2021,4,9,12,4.33651478,185.7064579,6.306407238,185.7064579,5.141688984,176.5591212,6.756628984,164.1618048,6.683638336,182.0166533,0,0,0,0,0,0,0,0,0,0,2,0,1,0,0,1,"2021-04-09, 12:29:00",0,CAN,56,1874,450
17.975,60.975,188.8062622,9,1617972600,2670,2845.281494,16821130923,1,2021,4,9,12,4.191680298,178.2387476,6.09578067,178.2387476,5.141688984,182.864804,6.77220558,165.6249771,6.694015249,182.5319706,0,0,0,0,0,0,0,0,0,0,2,0,1,0,0,1,"2021-04-09, 12:50:00",0,CAN,56,1874,450
18.00834,61.00834,23.24853229,7,1617974940,2672,2852.849365,16821130923,1,2021,4,9,13,3.936090036,141.3228963,5.724086727,141.3228963,5.118528223,181.1521494,6.75883463,163.378624,6.737210406,180.9365822,0,0,0,0,0,0,0,0,0,0,2,0,1,0,0,1,"2021-04-09, 13:29:00",0,CAN,56,1874,450
18.02167,61.02167,87.35812133,8,1617976200,2674,2850.135742,16821130923,1,2021,4,9,13,3.68901945,156.5401174,5.596058813,132.3287671,5.144262401,175.5081741,6.859755189,163.1449589,6.756327097,178.915624,0,0,0,0,0,0,0,0,0,0,2,0,1,0,0,1,"2021-04-09, 13:50:00",0,CAN,56,1874,450
17.94167,60.94167,101.4481409,7,1617978360,2665,2842.671387,16821130923,1,2021,4,9,14,3.493066915,130.6144814,5.193390374,147.3581214,5.0926715,172.1625662,6.951448589,162.5516872,6.717881105,177.794307,0,0,0,0,0,0,0,0,0,0,2,0,1,0,0,1,"2021-04-09, 14:26:00",0,CAN,56,1874,450
17.98151,60.98151,23.95303327,8,1617981000,2671,2839.915771,16821130923,1,2021,4,9,15,3.322673407,84.962818,5.059167562,112.8375734,5.073799768,162.9468533,6.927534305,153.0383293,6.68652466,176.4656961,0,0,0,0,0,0,0,0,0,0,2,0,1,0,0,1,"2021-04-09, 15:10:00",0,CAN,56,1874,450
17.97167,60.97167,100.7436399,8,1617982320,2670,2835.916748,16821130923,1,2021,4,9,15,3.237476653,67.35029354,4.852670926,87.59295497,5.154678617,164.0070681,6.975413591,153.6778337,6.690797954,176.1991431,0,0,0,0,0,0,0,0,0,0,2,0,1,0,0,1,"2021-04-09, 15:32:00",0,CAN,56,1874,450
17.90171,60.90171,126.8101761,8.4,1617984240,2663,2827.965576,16821130923,1,2021,4,9,16,3.356752109,88.06262231,4.790721936,77.260274,5.136542148,163.5585157,7.041247611,153.7106288,6.66111616,175.5902665,0,0,0,0,0,0,0,0,0,0,2,0,1,0,0,1,"2021-04-09, 16:04:00",0,CAN,56,1874,450
17.80497,60.80497,49.31506849,8.9,1617987540,2652,2820.504639,16821130923,1,2021,4,9,16,3.433429187,80.45401174,4.993088638,80.45401174,5.365576342,162.3129487,7.132517502,151.808513,6.687939446,174.9230585,0,0,0,0,0,0,0,0,0,0,2,0,1,0,0,1,"2021-04-09, 16:59:00",0,CAN,56,1874,450
14.81167,60.81167,92.99412916,8,1617988260,2653,2819.592285,16821130923,1,2021,4,9,17,3.518625941,78.76320939,4.986893739,82.54403133,5.329212828,160.1704381,7.127177516,151.3182829,6.73903142,174.7343532,0,0,0,0,0,0,0,0,0,0,2,0,1,0,0,1,"2021-04-09, 17:11:00",0,CAN,56,1874,450
14.77133,60.77133,62.70058708,9.6,1617990720,2650,2811.1521,16821130923,1,2021,4,9,17,3.654940748,86.51272016,5.255339365,76.08610568,5.314443647,152.8358086,7.351260649,152.0658961,6.753688881,173.4808585,0,0,0,0,0,0,0,0,0,0,2,0,1,0,0,1,"2021-04-09, 17:52:00",0,CAN,56,1874,450
